Frequency,"Vertical antenna, 270 Deg","Vertical antenna, 180 Deg","Vertical antenna, 90 Deg","Vertical antenna, 0 Deg","Horizontal antenna, 270 Deg","Horizontal antenna, 180 Deg","Horizontal antenna, 90 Deg","Horizontal antenna, 0 Deg",Baseline
80,-124.4478217,-126.4950095,-130.8043967,-126.5039893,-126.2442313,-132.296279,-131.0398398,-129.5889884,-127.1758567
80.8,-126.0400916,-131.0962058,-129.5037223,-126.1958686,-124.0481559,-128.255355,-128.1303473,-133.4886618,-127.6710044
81.608,-126.5428687,-125.6434317,-130.6784812,-123.617591,-126.3614798,-129.7129584,-126.6554709,-128.0360022,-124.9239417
82.42408,-128.2454215,-126.8940879,-130.2582389,-130.4366751,-126.2056113,-127.494155,-128.7497092,-130.3256598,-128.4217444
83.2483208,-127.4843665,-123.7713233,-132.1597129,-125.3294669,-125.7781287,-129.8897696,-127.0573035,-131.1200705,-128.9963599
84.08080401,-123.0959311,-126.8658438,-130.5868369,-124.6507025,-125.893096,-128.260131,-130.8943015,-132.3716574,-131.7274008
84.92161205,-127.6399527,-124.4598685,-131.8880301,-125.7540198,-127.8759146,-130.9362174,-130.9366446,-128.6277457,-126.2503424
85.77082817,-129.0010901,-129.0975791,-129.7170096,-124.6498862,-125.4251166,-127.8891745,-130.3658591,-132.0319663,-127.5048972
86.62853645,-125.8938208,-130.443328,-129.969184,-125.0084372,-128.8833228,-127.7779837,-126.7720099,-130.2776786,-130.5092459
87.49482181,-127.6594382,-126.645484,-131.672042,-126.2633048,-126.1820517,-132.0807486,-128.614585,-131.9881583,-128.0822135
88.36977003,-124.7447043,-126.5035315,-128.8870841,-122.8977576,-127.4827109,-132.7042075,-127.6806784,-129.1111518,-129.6809836
89.25346773,-126.3882132,-127.0369788,-130.5998831,-126.4104758,-125.110076,-133.5201407,-128.8492957,-132.7443534,-133.1927024
90.14600241,-126.8245307,-125.094802,-130.6326056,-125.7551947,-124.0132514,-130.7959281,-126.8914481,-128.0326224,-131.5894461
91.04746243,-125.1485129,-129.3006278,-132.3513022,-127.7458258,-129.4217673,-132.6739035,-127.7733145,-130.0013419,-127.3824149
91.95793706,-129.0063773,-125.000228,-130.4918738,-130.4221717,-127.8977576,-130.8684226,-129.9209357,-131.7430716,-129.6893759
92.87751643,-125.2860099,-128.8912345,-126.0310813,-127.9427176,-128.7923575,-130.0287696,-130.8885184,-126.7607718,-130.1251746
93.80629159,-126.666381,-127.1269294,-129.6168586,-127.2219382,-125.8098593,-129.2478019,-127.0939017,-130.2489157,-133.1223746
94.74435451,-128.0711661,-127.1388236,-131.7948447,-129.0185538,-127.6784583,-127.8576728,-127.6827384,-127.6131888,-131.3627616
95.69179805,-129.6941062,-128.8947287,-129.9186698,-130.3074179,-125.0511237,-131.5582267,-128.4845877,-131.7149192,-128.2874442
96.64871604,-128.8889685,-129.7114859,-128.4796973,-125.7001181,-128.3601828,-132.9791861,-131.0611716,-127.4731436,-126.2987052
97.6152032,-128.7081137,-128.7915946,-130.2578574,-126.9348746,-126.5483084,-131.1921988,-128.4066611,-132.0434409,-128.2434684
98.59135523,-124.931304,-129.4851523,-129.5673667,-124.5286246,-123.7767096,-128.7490073,-127.6197882,-132.5972892,-128.1693869
99.57726878,-128.2129203,-126.9987326,-128.7762595,-132.525054,-127.2989646,-130.0339652,-128.4024192,-132.8444358,-131.7617179
100.5730415,-125.4677268,-124.5677558,-130.4456855,-128.5981513,-127.8236838,-131.4437247,-130.2825919,-133.5441428,-127.7396079
101.5787719,-122.9807349,-127.893508,-128.007598,-126.4450827,-127.6602011,-127.4455329,-129.4316626,-131.5176841,-130.3436576
102.5945596,-126.362197,-127.5541373,-127.3627539,-126.8803168,-124.5373374,-128.8144294,-128.3482657,-130.5428839,-127.3072425
103.6205052,-129.9858084,-130.3861685,-127.4944297,-128.6675788,-126.8918296,-125.7571555,-128.9903784,-128.0949012,-128.9646598
104.6567102,-126.0688544,-127.7803794,-131.0328971,-127.4121619,-124.4409552,-129.8313742,-126.4616919,-130.3559104,-126.2882224
105.7032774,-126.8291846,-127.2747412,-125.982421,-128.5331336,-127.8607932,-131.4136191,-125.3848792,-128.4692755,-131.1403189
106.7603101,-124.5169516,-125.479766,-132.2827597,-128.0106955,-124.866294,-129.494216,-127.0518485,-129.2287513,-131.9418174
107.8279132,-126.768859,-129.4212409,-127.0656195,-130.0526419,-130.1830664,-128.5900183,-129.7806159,-130.0308371,-127.1623526
108.9061924,-126.8593665,-125.4591132,-129.4550696,-132.4010001,-128.9421836,-129.0676642,-125.0905219,-130.111846,-130.056922
109.9952543,-124.6093894,-127.2964316,-130.8113471,-128.0860282,-129.6645117,-129.4383612,-129.2033149,-125.5776587,-129.3285437
111.0952068,-121.4549323,-127.2075034,-129.9439536,-132.0589286,-127.3918753,-127.9286566,-125.3681555,-132.3836203,-130.8854514
112.2061589,-128.4192496,-127.3026801,-127.7476874,-123.0461417,-128.648078,-126.9917365,-126.0784903,-127.026023,-131.4448081
113.3282205,-124.7273398,-127.171691,-125.4959174,-124.7736884,-125.3449393,-125.9946814,-129.3682929,-131.6121512,-130.0115805
114.4615027,-124.9012366,-126.1579886,-130.6547919,-128.5539771,-129.4504691,-128.5992881,-130.3606864,-129.6074744,-129.1784812
115.6061177,-127.1545706,-125.7159873,-124.4474555,-126.4890815,-124.1489707,-124.5121527,-127.6891928,-126.4902793,-130.8098746
116.7621789,-125.8620291,-128.1373893,-124.3154135,-125.368476,-127.5203315,-125.4412528,-126.0244895,-128.9231177,-127.1656638
117.9298007,-126.3668509,-126.3038703,-132.3004447,-132.3387595,-123.2917548,-128.6912528,-124.5209876,-130.8950644,-128.5438071
119.1090987,-124.7536536,-128.6403342,-125.1586295,-125.4082938,-122.9300757,-129.3882285,-128.0879813,-123.9024344,-127.9292289
120.3001897,-126.592948,-128.6284629,-131.4243613,-130.388259,-124.7399436,-127.0126792,-125.2841941,-125.4270545,-131.5278617
121.5031916,-127.0275565,-124.6737052,-128.9936133,-126.5006781,-126.5274878,-127.9332877,-129.9046088,-128.1173697,-126.5808402
122.7182235,-128.1752616,-125.4095984,-128.5488272,-128.3722525,-125.7288352,-130.6020499,-126.9938651,-125.3370047,-130.3717566
123.9454057,-127.4138938,-125.3064109,-128.4371176,-127.402175,-124.439498,-127.1875907,-129.9688712,-128.0266181,-125.1192923
125.1848598,-123.8615256,-127.2883139,-133.4727622,-128.3698035,-124.0093985,-130.0020362,-125.5330954,-126.3629294,-131.8162375
126.4367084,-124.8423835,-129.2072898,-126.0970374,-130.2049247,-128.9484091,-124.1098395,-130.0635672,-129.8925772,-127.5332404
127.7010755,-130.2116233,-125.9987479,-127.6205283,-128.7257529,-128.7845145,-128.8872977,-129.8686515,-125.0905905,-129.3347769
128.9780862,-127.0050421,-128.4540549,-127.3222037,-129.2080374,-125.8937216,-130.9808188,-125.918563,-127.0359183,-124.9643088
130.2678671,-127.8956366,-128.1385337,-129.4138098,-129.2680503,-126.6346274,-127.6228095,-129.2913504,-127.3527823,-129.141593
131.5705457,-127.5455237,-125.5442572,-131.1154013,-129.7213126,-129.2387458,-131.2192374,-132.4081259,-124.5776816,-124.8200751
132.8862512,-126.8460379,-126.4617224,-126.8225547,-131.5327597,-126.7921897,-132.9513694,-127.599372,-128.6726676,-128.6718512
134.2151137,-125.2328559,-125.7900077,-130.1269904,-128.8673697,-127.1990042,-133.1644278,-132.5599662,-125.104148,-124.602706
135.5572649,-129.6187354,-127.0388327,-128.6912833,-123.1252814,-127.0125952,-130.0279837,-126.965766,-123.7568808,-131.8749228
136.9128375,-126.1222983,-125.5392981,-128.8975363,-131.1931754,-126.2740012,-132.0187369,-126.5590811,-122.7626487,-127.2242804
138.2819659,-123.651557,-124.5118323,-129.7665549,-131.8010092,-128.7653113,-130.2122107,-125.5282126,-124.7626029,-128.4434043
139.6647855,-127.1154624,-126.2526007,-128.2185965,-127.7400351,-126.2457877,-130.8515769,-129.3429633,-125.7100516,-130.5639411
141.0614334,-127.5169898,-125.9048453,-130.4752417,-125.7991553,-130.7295371,-131.3055258,-126.547927,-128.4595481,-131.4118949
142.4720477,-124.1711417,-126.9439231,-133.5769339,-132.9486685,-125.5042411,-129.626525,-128.769744,-129.7420874,-131.1895285
143.8967682,-127.1349097,-126.9749518,-128.3553,-128.5764914,-125.9504462,-126.4092704,-128.8623572,-130.1664878,-126.5291205
145.3357359,-123.5068045,-126.8203879,-129.8027411,-124.4255057,-126.7543479,-131.4407187,-127.4359503,-129.3944388,-126.3506461
146.7890932,-125.6518546,-124.5802756,-129.5652762,-125.150405,-131.6661216,-131.5794974,-124.8271552,-128.6668006,-126.0544883
148.2569842,-127.4059058,-125.249076,-127.8840934,-131.3171073,-128.1538382,-128.0110694,-132.7041465,-126.9341727,-131.9052573
149.739554,-126.3446341,-127.7080985,-129.3062278,-128.4094382,-125.6015006,-129.1200782,-131.8129264,-127.6141349,-131.6201316
151.2369496,-126.8530036,-124.1027899,-132.7289878,-128.6247702,-125.3966971,-131.3418875,-129.957099,-129.4753791,-129.8876715
152.7493191,-125.0504142,-127.1655722,-133.7454215,-128.7922278,-125.4569846,-131.1347342,-129.6385031,-127.8034049,-131.9931327
154.2768122,-125.3102866,-126.0708304,-130.3570166,-128.459838,-128.4706183,-131.7005301,-133.1063987,-128.6513587,-128.5521994
155.8195804,-126.4870444,-126.3074485,-130.2618399,-127.2552253,-126.6534415,-129.4359885,-129.0861045,-131.9709769,-131.5480338
157.3777762,-124.685485,-126.2337867,-133.2124625,-124.0900565,-125.3265219,-127.4106208,-130.9782096,-128.108245,-131.0306082
158.9515539,-125.7509452,-129.0669394,-129.8936606,-132.1636954,-126.9836264,-129.2782889,-126.7224265,-129.4854041,-127.7678977
160.5410695,-127.2196494,-128.4426947,-131.2075339,-125.6606742,-127.5986243,-127.8344031,-129.8322287,-128.7053443,-129.4175559
162.1464802,-124.2084113,-129.1115866,-132.6779776,-125.3216239,-127.9467002,-128.9524909,-129.5705176,-128.7075949,-129.7848502
163.767945,-124.9223166,-127.1034079,-127.7468405,-126.8144751,-125.2821341,-131.3986197,-127.8413993,-127.1971884,-130.3045722
165.4056244,-125.5127478,-124.8828879,-127.9275809,-128.0196524,-129.2654258,-129.5792151,-131.2848654,-129.782302,-126.8928824
167.0596807,-125.7650595,-126.2036734,-129.2576361,-126.8598624,-129.5385047,-132.119506,-126.3804618,-129.477439,-130.6538993
168.7302775,-127.9158774,-123.5914756,-130.1614218,-132.1981345,-128.0988684,-125.1020652,-132.5738822,-129.0796042,-128.9808417
170.4175802,-125.7471228,-126.1845237,-130.5523215,-129.5846625,-125.3931723,-123.0611182,-129.6091834,-127.7352668,-129.9855872
172.121756,-129.3908683,-124.7888709,-127.3698264,-130.938674,-126.8259803,-132.0014792,-129.4362632,-125.8034049,-132.1783438
173.8429736,-127.2929373,-124.627265,-130.2862998,-130.0318518,-126.8334494,-126.0022803,-133.232482,-129.9460288,-131.9534751
175.5814033,-123.5643607,-128.1391745,-131.8778373,-130.4917441,-125.4335776,-126.0955802,-133.8937216,-129.2691413,-130.5388251
177.3372174,-123.707099,-125.6713858,-133.0853568,-128.7394782,-125.1662131,-128.1090995,-131.0056144,-131.9007102,-129.7725974
179.1105895,-124.2383719,-122.9235221,-130.1793814,-127.70111,-127.0316153,-128.2321997,-129.2019644,-134.0134574,-126.6842795
180.9016954,-127.3045798,-126.7247306,-132.37918,-129.1024848,-129.4804526,-127.8639518,-127.9310981,-132.4193259,-133.4750663
182.7107124,-126.8691855,-127.4279929,-125.7777854,-131.281005,-124.3507987,-130.9869681,-131.4635154,-127.9938193,-131.3877707
184.5378195,-126.3844443,-126.9851065,-127.7231589,-126.1902686,-124.8425818,-126.2363578,-130.1357566,-129.2362281,-129.1476889
186.3831977,-125.3055182,-123.9579917,-132.7123404,-124.6114951,-127.5136634,-130.8811179,-129.936492,-126.4251776,-128.8805228
188.2470297,-127.6277762,-127.9092932,-131.0871268,-129.7028189,-126.2771292,-129.2257071,-123.4868232,-130.7861396,-131.0026847
190.1295,-123.4710227,-129.1701117,-130.6165839,-128.6274329,-125.2426673,-127.1083594,-131.1017142,-130.2824927,-127.7373801
192.030795,-125.8983222,-128.2858344,-131.8845969,-129.964141,-126.2747184,-130.8237754,-127.8276816,-126.9020148,-131.550994
193.9511029,-124.7598029,-126.2596961,-131.7319022,-127.4912787,-124.2927848,-125.197753,-128.0460807,-132.0776511,-128.1763755
195.890614,-124.9547415,-123.9447776,-128.4562979,-127.4460974,-129.0499564,-130.3196707,-131.1397238,-127.1067878,-132.5751792
197.8495201,-123.89038,-127.0277549,-132.0912772,-127.2799521,-127.0680838,-126.0841971,-130.5933066,-128.6044455,-127.7477103
199.8280153,-130.2744895,-122.7829276,-125.8416129,-127.4933234,-127.2304908,-127.7702094,-129.5502082,-127.7156363,-129.9081031
201.8262955,-125.5064002,-125.311164,-127.0178366,-127.6520835,-125.9597388,-125.7871085,-132.5054465,-126.8902198,-133.7864981
203.8445584,-125.0657492,-129.8510581,-129.9158545,-126.3226081,-125.4161902,-127.2080069,-132.9566336,-130.4926749,-130.0548316
205.883004,-127.2518683,-131.2945395,-129.4644538,-127.3525763,-125.79457,-126.5936805,-133.48236,-125.3825217,-129.6036063
207.941834,-127.4399253,-127.1849433,-132.7149955,-125.2353965,-124.1048194,-123.5714789,-131.1564017,-130.8292762,-129.5767966
210.0212524,-122.9869376,-126.8947669,-128.0519629,-126.2659598,-125.6939078,-129.6662436,-132.3896018,-128.7187644,-128.6926871
212.1214649,-123.3882132,-130.8779135,-133.0997306,-125.8321372,-127.1549216,-127.7337027,-127.9795829,-125.7402182,-128.6218863
214.2426796,-126.7450705,-127.7590018,-127.8091498,-125.7988272,-128.3133536,-127.6314612,-132.7451468,-132.3094779,-129.2939063
216.3851064,-127.1700125,-132.4190818,-131.2482291,-132.2212058,-126.9078131,-125.8390418,-128.8404456,-127.3347235,-128.125434
218.5489574,-126.8035422,-128.0968009,-131.5540457,-130.2418509,-125.8474036,-128.406417,-129.7977896,-127.2904654,-127.7050467
220.734447,-126.1477271,-124.6528693,-128.4423667,-130.0321723,-126.3139334,-129.9070426,-130.7157889,-127.0884314,-132.5083457
222.9417915,-125.6047507,-129.3471213,-129.1101676,-128.2691718,-128.0326224,-123.9508887,-130.4291526,-127.9813376,-128.5420523
225.1712094,-125.7221823,-129.8109732,-132.4735099,-130.7585517,-127.7341986,-126.6649695,-128.5345832,-127.1332083,-131.324935
227.4229215,-124.8011084,-131.0120993,-131.2078849,-129.6740332,-128.0080939,-126.4224311,-128.4598685,-124.9629966,-130.8692923
229.6971507,-124.7269202,-131.9582358,-130.4403983,-134.0208731,-129.8623801,-128.5002585,-130.2990409,-129.3837348,-128.3277274
231.9941222,-125.6992102,-128.3055716,-129.9379111,-128.045394,-127.8745108,-128.6580191,-134.0808249,-129.4852515,-129.6553794
234.3140634,-123.7950431,-126.7090293,-132.6280814,-125.6312552,-128.8938895,-126.33599,-126.8438788,-127.0577384,-130.6431266
236.657204,-127.5269767,-130.5862571,-131.834838,-128.6841346,-127.7090445,-125.4211188,-131.1983786,-126.332862,-134.1426078
239.0237761,-126.6883612,-129.5611945,-128.939704,-132.1854392,-124.6835776,-129.2940207,-130.8750754,-128.7621375,-128.6104422
241.4140138,-124.6878958,-128.5965338,-132.2042685,-126.4644156,-129.0591727,-124.1795798,-130.6246711,-128.441062,-130.6844702
243.828154,-127.8975363,-133.8523398,-129.4540168,-130.8240271,-126.8076468,-124.6060172,-129.9353629,-126.8552466,-129.2814322
246.2664355,-122.3988105,-131.1622763,-131.5850669,-126.1952353,-125.9409323,-126.8838263,-133.9557334,-124.0570517,-128.329238
248.7290999,-126.6786566,-131.2802878,-131.0944663,-126.4771262,-128.7352744,-127.8060141,-129.8401938,-131.1570121,-129.186904
251.2163909,-125.6364432,-126.1150962,-129.1459647,-128.3953086,-128.6659537,-131.1846762,-133.7102347,-129.7472373,-130.2597647
253.7285548,-128.1651755,-126.764556,-132.4335623,-126.1480551,-127.8371955,-130.7567435,-129.9264136,-129.4648047,-129.6556235
256.2658403,-127.5311805,-124.8943625,-129.4991751,-130.246131,-132.8130942,-128.0470572,-128.4409476,-126.5769187,-131.5391684
258.8284987,-123.6967002,-127.7350684,-130.0081168,-130.7059928,-127.2879096,-123.9857245,-134.2014151,-128.9938498,-131.5790091
261.4167837,-124.8679724,-128.8751288,-130.2275458,-130.2329703,-130.2176657,-124.5151587,-129.1468955,-127.4104148,-126.4366523
264.0309516,-128.3327246,-125.2127372,-126.3743125,-130.5505515,-124.7308036,-127.1985388,-127.7492591,-127.2635413,-128.9301673
266.6712611,-124.6818228,-127.7727881,-127.9907828,-128.0574485,-128.5648413,-125.1721335,-130.072486,-126.1391745,-129.5721122
269.3379737,-126.1133338,-126.8960868,-131.0272818,-127.5860358,-130.2232047,-128.0360785,-130.1675788,-127.5978537,-126.2727118
272.0313534,-127.2885581,-126.8024741,-132.5196524,-127.9170371,-126.6788169,-128.1035453,-132.7946769,-124.214263,-130.6249533
274.751667,-128.4354544,-125.1084662,-125.5172568,-128.455596,-126.7204657,-125.5150748,-130.5476065,-125.4120322,-128.6539832
277.4991836,-123.6812964,-128.2556144,-131.354476,-127.4785376,-130.1437064,-125.596221,-131.8859549,-126.9462424,-126.2096396
280.2741755,-123.7309714,-128.4670554,-132.1160727,-128.2570258,-127.0136405,-127.4856864,-131.1510916,-127.6257697,-126.4006491
283.0769172,-126.1559897,-126.8088141,-128.366706,-127.4454337,-128.2423926,-127.3823386,-130.7176963,-129.2900916,-127.6038657
285.9076864,-128.470336,-126.0964347,-129.6762839,-126.990943,-123.1678458,-126.6932212,-131.5143119,-126.7518683,-128.3124915
288.7667633,-125.6831885,-131.9348441,-131.3019553,-130.228881,-122.7634955,-123.4076758,-128.0886908,-128.3478232,-127.6134024
291.6544309,-126.3888083,-128.5383979,-130.1980658,-126.9334403,-127.6644278,-125.0050498,-130.1538993,-127.4335623,-130.1741553
294.5709752,-126.8758231,-128.5062857,-132.5690451,-125.2157431,-128.1542578,-130.1030036,-131.2356864,-125.2298728,-125.3434287
297.516685,-127.8110953,-128.0102301,-127.4463492,-130.2218161,-126.2113639,-128.9049521,-133.0230857,-130.4748603,-125.7959815
300.4918518,-123.7007132,-126.2396537,-129.988227,-127.1787406,-127.3421012,-126.1255179,-132.8368216,-128.7851706,-129.1749106
303.4967703,-128.4194251,-122.9129096,-129.23664,-125.8815146,-124.3436728,-130.2560797,-131.258834,-125.6141196,-124.355445
306.531738,-130.2195273,-128.8998862,-129.992034,-128.3979865,-129.3494406,-127.8878852,-128.0444632,-128.4130469,-124.743743
309.5970554,-126.9646292,-126.7750998,-126.8396521,-125.2755576,-126.4752341,-127.0796729,-130.3818579,-127.4091635,-127.0191794
312.693026,-126.9737693,-125.4223014,-132.4165641,-123.2577048,-129.1696616,-131.5712577,-130.345336,-129.610755,-129.9592124
315.8199562,-124.416091,-125.6438513,-129.3812552,-127.5776053,-125.549697,-130.7370597,-130.3287192,-123.388671,-127.1573172
318.9781558,-127.8898307,-126.3542624,-132.1729117,-128.0050956,-126.8833686,-128.949935,-132.1068717,-129.6501761,-126.5328818
322.1679373,-126.0599585,-126.7051841,-129.1808921,-124.380149,-126.2795249,-129.9714347,-131.7660208,-124.1627799,-126.8930426
325.3896167,-125.6452933,-126.0045691,-126.853057,-125.0939017,-127.71276,-126.7752906,-128.6863013,-129.6178199,-126.7230063
328.6435129,-126.6570731,-126.9703665,-131.8182975,-126.9076071,-126.9841071,-126.07331,-127.0974799,-131.3424521,-128.7456656
331.929948,-127.2366935,-126.9412299,-124.0698386,-127.5720359,-127.8265143,-126.8449774,-128.206153,-126.3942404,-125.6895438
335.2492475,-125.2670661,-126.0829993,-129.8905936,-128.4450293,-129.1889716,-128.9753562,-128.8377066,-129.1507254,-124.988906
338.60174,-126.0291053,-124.2848044,-131.490737,-126.0256034,-126.8410483,-130.2592536,-129.7028342,-129.5382376,-125.2002402
341.9877574,-127.5237876,-126.2336341,-131.5499869,-127.5465537,-128.6769934,-133.4552909,-127.7899619,-123.7117835,-123.2060309
345.4076349,-126.2427893,-125.9585181,-131.8505698,-123.9543753,-126.4012137,-126.5739966,-130.1193076,-127.9919272,-125.9748908
348.8617113,-126.8687201,-128.2631293,-127.3066321,-128.4357062,-125.7768851,-132.504653,-129.2337867,-128.6685172,-128.9961844
352.3503284,-123.4211264,-128.7621833,-128.4751883,-129.40306,-125.0995932,-129.7330847,-128.4501487,-126.6138831,-129.4466696
355.8738317,-124.6135703,-125.2386466,-130.8574973,-123.5554267,-127.5921393,-131.8954001,-124.9896537,-125.336959,-125.5949469
359.43257,-125.5714179,-125.219451,-129.9740592,-127.4793769,-127.651496,-131.8876639,-128.8638144,-126.3280249,-128.3628073
363.0268957,-126.070365,-128.7397376,-127.1825934,-128.2598944,-131.0765067,-126.3607169,-128.8766318,-125.1872016,-126.3360892
366.6571647,-128.6923743,-125.4221717,-129.0406943,-129.9205924,-126.3039389,-125.7767096,-128.5705405,-129.5925894,-125.4704123
370.3237363,-125.2029944,-125.4283515,-131.7242118,-131.2462607,-128.2251349,-131.089614,-128.5539618,-125.0921317,-122.1247397
374.0269737,-125.7052375,-126.7582236,-126.5161734,-127.41426,-126.9735862,-125.8143607,-129.3416663,-126.3743659,-127.1376029
377.7672434,-125.7243109,-123.5591422,-127.5422278,-127.020629,-126.3230201,-127.2526389,-127.8276892,-125.2832938,-128.2659674
381.5449158,-129.941413,-123.7938529,-125.2473593,-129.6604529,-128.1060401,-128.1053916,-132.8352347,-127.3171607,-128.7828818
385.360365,-124.6347419,-122.5203315,-128.8690177,-130.8846122,-129.8242179,-126.6141196,-133.1835471,-125.7883979,-124.0496817
389.2139686,-126.1877509,-126.4380942,-127.9651328,-131.8205863,-129.0434561,-128.2793952,-133.0649558,-124.6740561,-127.3825446
393.1061083,-124.5180197,-127.2779074,-131.6162101,-126.499076,-128.8786154,-123.4342643,-130.7926474,-129.0222922,-130.2149192
397.0371694,-126.8129569,-125.8845282,-131.2518302,-127.8385535,-132.4229727,-127.9419852,-128.2986289,-130.1589499,-123.1104804
401.0075411,-125.7308264,-125.745864,-127.5941153,-124.5641471,-128.9798728,-128.7244254,-126.098342,-126.7713462,-127.2590018
405.0176165,-129.290824,-125.8824683,-130.3436118,-126.912612,-127.8516227,-128.3116675,-126.5108252,-126.4150687,-126.2663642
409.0677927,-126.6909552,-127.2529746,-131.3073722,-127.2599173,-123.3050071,-126.5902014,-127.365737,-124.5041342,-126.274581
413.1584706,-126.2036887,-128.5588141,-128.6989203,-126.3003607,-131.494628,-126.6600409,-131.4189444,-129.0349112,-123.1435767
417.2900553,-124.7397223,-129.7692862,-129.2544394,-127.8693381,-127.0782233,-126.9466468,-127.1229163,-122.8743582,-124.9844657
421.4629559,-126.5980063,-128.5150138,-128.8119498,-128.6558982,-126.5037986,-128.9018775,-128.3452674,-128.0888663,-129.303031
425.6775854,-128.4092704,-125.0788489,-128.6713782,-130.9855033,-124.9867545,-126.433776,-128.2456656,-131.4447928,-129.4056311
429.9343613,-127.3662558,-131.7476493,-123.9868689,-124.2716056,-131.6940146,-129.2801352,-129.0884391,-127.9368201,-130.7911292
434.2337049,-126.6333533,-126.6755286,-133.0530997,-129.986785,-123.6748648,-126.7809058,-127.8872824,-127.3888541,-127.3568488
438.5760419,-128.4704657,-126.3818885,-128.6809989,-128.2407447,-124.4358588,-127.3996115,-127.6997367,-128.3549948,-128.4938117
442.9618024,-127.9443198,-126.5077964,-126.1648246,-127.3093024,-126.1968604,-123.2414008,-130.281066,-128.0798865,-126.5200644
447.3914204,-125.4484397,-127.5797644,-128.0893088,-129.5003501,-127.3680106,-128.2458869,-130.283599,-128.7490836,-127.3629599
451.8653346,-128.739379,-128.4105216,-132.0984183,-129.3531485,-129.9238654,-129.5749655,-129.1924659,-126.347518,-130.0532675
456.3839879,-124.9179145,-129.4299384,-130.6409827,-130.9278861,-123.8391257,-129.1439658,-127.2901602,-130.1712027,-127.3179312
460.9478278,-129.3422766,-127.464942,-128.2040702,-129.8944617,-130.4251395,-126.0595008,-130.8415519,-123.0597831,-124.4672003
465.5573061,-125.5848227,-132.743743,-131.3317557,-129.1789084,-126.8406287,-123.1516333,-127.1053839,-127.8436118,-126.6967917
470.2128792,-126.527587,-130.2680808,-130.3098822,-130.4992362,-123.9117575,-125.7186499,-130.4968024,-130.5948325,-126.0991736
474.9150079,-126.7823783,-125.7073661,-130.2003089,-125.4006797,-127.366149,-128.0633307,-130.0339957,-128.9534598,-126.9848624
479.664158,-124.7753669,-128.2703467,-125.0190345,-128.3084937,-128.2408438,-127.3498221,-131.7708884,-126.5288306,-129.2668753
484.4607996,-122.9802008,-129.986373,-132.6394797,-133.0663291,-130.4065772,-129.8475714,-130.5545111,-126.914733,-124.4279624
489.3054076,-129.014968,-128.1274787,-129.2988196,-130.0233908,-124.9893256,-128.5306311,-129.0518485,-128.1566306,-131.3727256
494.1984617,-123.9554969,-126.1940528,-126.5246192,-129.7855674,-123.5960227,-128.4644767,-130.3612128,-128.7379294,-126.6118308
499.1404463,-126.0773917,-128.6500083,-125.7927085,-131.256713,-131.0389548,-126.5070792,-133.1559592,-129.081092,-126.4536658
504.1318508,-128.9076606,-131.6873008,-131.4396353,-128.3621054,-129.2995749,-127.2811728,-128.0482856,-127.8697348,-127.311782
509.1731693,-127.7877341,-126.7788459,-128.7637091,-127.4825659,-128.3242942,-126.4549094,-130.374076,-127.0566092,-125.9254523
514.264901,-124.1231833,-125.4059745,-131.4319754,-129.7644492,-127.2703391,-129.3331748,-128.8637839,-130.0656119,-126.6512748
519.40755,-126.0815039,-126.2260276,-126.0909339,-126.5516501,-126.230445,-130.6611624,-127.781478,-124.396987,-128.6368094
524.6016255,-126.3268729,-129.0050498,-127.4711219,-126.3883658,-124.4764853,-128.0763846,-126.699607,-125.569007,-126.9557639
529.8476417,-125.9732352,-127.7684317,-131.0796653,-126.2389975,-125.880622,-127.1224051,-126.9851828,-127.5193091,-124.9323798
535.1461181,-127.7681266,-127.9081794,-127.6498862,-126.7008582,-126.7553092,-126.5048285,-125.8938361,-123.4810706,-129.0162421
540.4975793,-124.2506018,-128.7806769,-127.1665259,-129.4858084,-128.5608359,-131.252471,-128.6387244,-126.408187,-126.6370536
545.9025551,-125.7998954,-129.7584677,-123.5930167,-127.7432242,-123.9906607,-126.9462119,-128.2255316,-126.9932929,-130.5002204
551.3615807,-128.4769126,-128.918624,-127.7448722,-129.7339164,-126.5606681,-125.5057898,-124.6263877,-132.2287436,-125.6997748
556.8751965,-125.4543601,-130.3921576,-126.9232627,-128.2563086,-125.7498465,-129.3205329,-128.193389,-129.5111151,-126.8234549
562.4439484,-127.5847998,-126.4486457,-128.9071723,-127.1410819,-129.7692099,-126.6860724,-124.1381217,-123.4119483,-128.8084479
568.0683879,-124.5545569,-126.8251334,-129.2924796,-127.4314185,-125.9363394,-128.2252951,-127.1075736,-127.2686835,-125.6478415
573.7490718,-126.1029349,-127.5508872,-130.1023169,-132.3532401,-124.7675315,-129.2983771,-131.0379935,-124.0458823,-127.364318
579.4865625,-126.3598014,-126.8392325,-129.9123755,-126.0256797,-127.9896384,-127.1893607,-128.9527274,-126.0899192,-130.0602866
585.2814281,-126.7052069,-126.8735877,-130.2889319,-129.0523368,-126.9466239,-122.6201239,-130.8903342,-126.7249747,-129.5769187
591.1342424,-123.4906302,-125.6177664,-128.993209,-125.2312155,-128.7619773,-123.8329764,-129.9748069,-126.6140815,-126.2935172
597.0455849,-125.3594199,-127.4318686,-130.5785132,-127.2485648,-124.0240927,-126.4449149,-128.8336249,-123.7960501,-125.4957648
603.0160407,-123.7354575,-126.2362357,-130.4627829,-124.7927695,-127.735549,-126.2951346,-130.8954917,-123.2655402,-126.3097449
609.0462011,-126.9663306,-123.8975211,-129.0222998,-127.1156378,-127.1898947,-126.2232581,-128.6430121,-125.485961,-127.0252982
615.1366631,-125.7604972,-127.3734885,-125.5075675,-129.1217185,-123.532836,-128.5557624,-130.4330588,-126.2418967,-124.1742087
621.2880297,-127.4972068,-127.6276541,-128.528945,-121.3475028,-125.5256491,-130.5607444,-131.9971305,-124.8054267,-125.9191275
627.50091,-132.1024466,-127.0152655,-127.5943289,-125.5180197,-126.5561972,-125.5531455,-129.8645087,-123.0821982,-128.6901847
633.7759191,-128.4799643,-125.8143302,-128.6921683,-132.412139,-127.8618384,-130.0927726,-128.7547065,-130.4319144,-125.3263999
640.1136783,-128.9597617,-130.2539054,-130.6219855,-126.9586936,-126.4355765,-127.0654898,-126.4879218,-128.8530493,-130.1397467
646.5148151,-130.0675345,-127.837493,-128.7713385,-129.7953025,-126.3169699,-127.6340094,-128.5058585,-127.2356711,-129.198432
652.9799633,-126.8754264,-130.020568,-127.8150473,-127.5261451,-126.4257804,-127.2163459,-131.0177451,-126.618209,-128.6170722
659.5097629,-127.3196936,-132.0145255,-130.579711,-130.3906089,-126.4204703,-124.5978537,-127.5100394,-128.5476294,-130.7070761
666.1048605,-127.0432425,-126.1382743,-124.3320533,-126.8055258,-125.8549338,-123.3163062,-127.2285834,-124.2276068,-131.5555106
672.7659091,-127.3621054,-127.0224295,-129.8877784,-127.7098838,-127.0568991,-126.2232276,-131.5757132,-124.2060233,-127.9803305
679.4935682,-126.6599417,-127.5115348,-131.8950034,-131.5342551,-125.9390631,-128.6806861,-125.21379,-128.3339682,-125.4682685
686.2885039,-128.7204581,-126.7403861,-125.3764487,-129.0211936,-127.5332404,-125.5754538,-126.6036826,-126.3603354,-128.0356131
693.151389,-130.0391761,-129.1754981,-126.6135169,-125.9822226,-130.1364432,-130.3504477,-127.2033072,-126.7465354,-124.8264151
700.0829028,-126.7795172,-127.6413108,-125.984252,-126.7595282,-124.7684623,-125.6519156,-130.1266852,-130.242446,-130.1044837
707.0837319,-125.3058768,-130.1574774,-124.376174,-126.8960868,-125.4605094,-124.7402716,-133.4540854,-129.7969962,-126.1958762
714.1545692,-128.3167639,-129.3560324,-125.0518103,-126.8607169,-127.1537085,-131.7334281,-127.7328788,-126.0772391,-126.7837668
721.2961149,-127.590232,-125.3860312,-127.5993109,-130.843505,-128.3689643,-126.7348471,-131.7022238,-126.0811759,-128.4321738
728.509076,-130.101554,-127.5665045,-126.356948,-130.5621482,-128.4663993,-126.4784995,-131.0258933,-129.2310019,-131.4098654
735.7941668,-127.0408393,-127.9802466,-124.709426,-131.9679557,-128.319831,-125.5147696,-127.2186728,-122.4139548,-127.891738
743.1521085,-124.6153022,-127.444625,-124.2783042,-129.5499716,-125.6519461,-126.3299704,-127.8801413,-129.4444266,-126.9583274
750.5836295,-129.0799094,-126.2540961,-129.682891,-132.7401419,-129.1995078,-127.5914908,-130.9366751,-125.754737,-129.2978507
758.0894658,-127.5344153,-127.9742041,-125.2489157,-126.6479865,-126.9179831,-126.6406546,-129.6795188,-124.4100028,-128.5391227
765.6703605,-128.1949454,-125.011489,-128.1771613,-126.218627,-123.2418433,-127.8325644,-125.7496329,-126.5153037,-127.1140738
773.3270641,-126.115531,-130.8826285,-125.0933371,-124.2918921,-124.6360312,-128.656005,-129.579711,-125.1702414,-130.8503562
781.0603347,-130.1932288,-125.1700583,-127.939498,-127.1344443,-128.7590323,-129.5899039,-129.0667029,-123.7265464,-129.440055
788.8709381,-125.7700949,-126.1605445,-129.6871024,-128.3297263,-129.1975547,-127.9119101,-130.7435981,-123.0513602,-129.3217993
796.7596475,-125.2525626,-123.6758033,-126.0823432,-130.3273841,-128.7662116,-125.9893409,-129.3429328,-128.1042777,-130.8839408
804.7272439,-128.7972022,-125.4875632,-131.4784232,-125.7505561,-127.0399619,-127.8461142,-128.4669638,-127.9171057,-126.523223
812.7745164,-125.2769843,-127.7358313,-129.0431205,-126.2192374,-125.7755805,-132.9069358,-126.3202658,-126.9422141,-130.0658408
820.9022616,-126.8623954,-129.1311026,-131.3395072,-133.7258139,-129.5124884,-127.3955527,-128.0581656,-128.0236502,-129.7900153
829.1112842,-126.5437308,-130.4506751,-124.8640815,-131.3558036,-127.7011176,-130.0875922,-128.6933127,-125.2957984,-124.3753196
837.402397,-126.047988,-128.3003302,-129.8442069,-128.7478171,-124.3290091,-125.5214987,-125.5171195,-128.1866141,-126.4194175
845.776421,-124.7477484,-129.512847,-125.5689002,-128.1042777,-125.4287253,-127.7723304,-127.0862113,-124.2904807,-130.9810477
854.2341852,-128.314292,-125.4214469,-128.0147238,-126.7228003,-125.7676078,-125.4925528,-130.5132819,-125.8541175,-127.6238089
862.776527,-122.7383872,-129.8560324,-131.5232993,-126.3876181,-122.7708808,-127.3607474,-126.5187674,-127.924285,-125.035308
871.4042923,-124.0906287,-129.2175437,-130.7495719,-129.9917746,-127.4135733,-124.6248694,-128.7225333,-125.5366584,-127.228469
880.1183352,-124.8974601,-127.4472647,-131.9660788,-128.6535712,-128.2738791,-125.1003867,-127.9723044,-127.3206778,-127.8980017
888.9195186,-127.1707297,-124.6219245,-127.9961005,-127.5633689,-128.7583457,-125.4842826,-126.3901892,-125.2220984,-127.0263434
897.8087138,-126.0872946,-123.5542136,-130.4343177,-132.3204947,-123.8607474,-127.0403281,-128.8022223,-126.0875312,-129.7781974
906.7868009,-126.1149588,-126.0292426,-130.7261496,-128.1857825,-127.7526999,-127.8067008,-124.377265,-129.9992896,-130.300376
915.8546689,-127.0660392,-127.8222647,-126.2338858,-131.6760398,-128.7896872,-122.0355979,-131.2276755,-127.0209342,-130.4240866
925.0132156,-125.6869498,-126.639495,-129.0019522,-132.8032523,-125.7937232,-128.5372687,-130.8901969,-128.4059973,-131.3613578
934.2633478,-123.3898993,-125.5605384,-125.0362693,-132.0299216,-126.3339377,-129.3006888,-129.9457236,-127.541236,-131.8177787
943.6059812,-128.7201071,-124.2041312,-129.2836447,-128.4778891,-129.3182746,-128.0154486,-128.2746421,-128.720687,-127.3445273
953.0420411,-125.7468405,-125.297103,-130.504531,-128.4474021,-127.0934439,-128.1247092,-127.1105338,-125.7853842,-130.0760337
962.5724615,-128.609809,-126.2121115,-129.9211875,-130.5882407,-128.8847647,-124.4869834,-128.8507834,-130.0091925,-127.8226081
972.1981861,-129.6376563,-128.2001868,-127.605033,-127.3906012,-125.2230902,-127.0997763,-129.9454261,-128.2439032,-127.4028846
981.9201679,-127.6011344,-125.2042914,-129.3441458,-130.3866263,-127.0395041,-124.4280997,-131.0972739,-126.0112067,-132.4686728
991.7393696,-126.3519736,-123.2575522,-132.6475974,-127.6886588,-126.7530127,-124.7208243,-130.1515189,-125.7949134,-128.1451255
1000,-127.8138266,-125.4840079,-129.0453482,-124.8546286,-130.3541175,-125.4387961,-133.7128745,-125.4066535,-131.8501883
1000,-130.3138571,-130.6812735,-132.3580161,-128.7830878,-132.5431967,-133.2607108,-131.1747733,-130.8322211,-132.6661216
1010,-133.2485343,-132.9877768,-128.8931113,-132.9814444,-133.6623374,-133.3512717,-129.4032889,-129.3009253,-133.5654288
1020.1,-131.249755,-131.5329886,-132.3488456,-129.0511313,-131.9900046,-131.5300132,-131.9639426,-130.2836753,-133.3122855
1030.301,-132.3122855,-133.9379874,-131.450347,-133.3145438,-130.8082343,-131.9239341,-132.351409,-131.5374594,-131.3009787
1040.60401,-130.3958503,-131.1271659,-133.6740866,-132.4617301,-130.6276694,-130.1594153,-131.5284568,-132.4004508,-132.9332267
1051.01005,-129.0736457,-129.6198569,-131.7433005,-133.7247916,-131.8414145,-131.3679648,-132.787963,-127.3041526,-132.6787558
1061.520151,-128.5573416,-130.3670035,-129.8302298,-133.3397971,-132.2643729,-132.4924613,-133.7149039,-131.4244376,-132.374343
1072.135352,-132.4981681,-131.2135154,-133.7911521,-129.8662101,-132.5352011,-134.08142,-129.2519446,-134.0755759,-131.0923148
1082.856706,-130.8571463,-131.2520743,-132.0264121,-130.5806342,-131.0146323,-129.7681494,-131.9909659,-132.4859458,-128.5770102
1093.685273,-133.2936393,-133.171157,-134.0036307,-131.2512503,-131.1233969,-133.5664817,-132.1997367,-131.7428885,-128.6650992
1104.622125,-132.1666556,-128.3266135,-131.692916,-133.0166465,-132.5265647,-133.0639334,-128.7823783,-133.4148093,-132.0807334
1115.668347,-131.6717978,-131.0000296,-131.4168845,-128.3788291,-132.7856742,-132.2230826,-133.4224997,-131.7967215,-131.0340262
1126.82503,-130.2150412,-131.3873893,-130.5111304,-133.5075675,-132.3689109,-131.3067008,-132.5689536,-131.4457236,-132.7809745
1138.09328,-129.2865897,-131.4921103,-131.4312735,-130.9411917,-132.2156516,-132.0899802,-132.026702,-130.4043418,-131.9644767
1149.474213,-130.6260291,-131.4726554,-131.3496085,-131.4824973,-131.5382834,-131.0443717,-131.3174735,-131.9559317,-131.2453299
1160.968955,-131.8108969,-133.530654,-129.8226996,-132.2550956,-128.243003,-130.6438208,-133.0323325,-133.2370597,-131.6722861
1172.578645,-131.8392173,-130.4706107,-129.4051886,-132.05931,-132.8808737,-131.3307029,-132.5766898,-132.4405204,-132.6513053
1184.304431,-130.7574912,-132.6889792,-131.9212638,-132.4618827,-131.1277152,-132.5280295,-132.3460227,-133.2059012,-131.720687
1196.147476,-131.8397208,-133.3719931,-132.4464408,-131.2085715,-130.5618659,-129.3917533,-132.1744376,-132.0934745,-130.0240012
1208.10895,-132.5284415,-132.0446311,-127.6914969,-131.8645316,-133.5829001,-131.7825003,-129.5242606,-132.6711112,-131.9034262
1220.19004,-132.051818,-131.1746054,-132.2868186,-131.4417411,-130.3728247,-132.462966,-131.4994193,-131.0242758,-130.9184867
1232.39194,-133.8250876,-132.6322623,-132.9466696,-130.2079001,-133.5707236,-132.0791617,-130.4124747,-128.730445,-131.8905631
1244.71586,-131.5356131,-132.8089743,-133.5254508,-133.4436331,-133.8091422,-133.3006125,-130.3350669,-130.3724662,-130.4291144
1257.163018,-133.3119193,-133.3788596,-132.8445883,-131.2858115,-132.5424948,-130.9782553,-131.8363486,-133.0520621,-131.7922965
1269.734649,-132.6678458,-130.2480918,-131.1095877,-130.7484503,-133.5114127,-132.1528922,-133.6610251,-131.179061,-129.8282004
1282.431995,-128.2966376,-130.4365302,-133.5303183,-131.5379325,-130.1976004,-132.7972708,-133.4817038,-132.3005515,-130.0368262
1295.256315,-129.2810889,-131.6086722,-133.506774,-131.0303641,-133.097808,-131.8868552,-132.6812583,-132.2027274,-133.4699393
1308.208878,-131.9037467,-131.2336417,-132.613494,-128.2846213,-131.9253073,-131.8954154,-132.5403128,-131.6692649,-133.269271
1321.290967,-132.218917,-129.8911048,-131.9120475,-133.1874686,-131.6520377,-133.362136,-131.6042472,-131.6380759,-132.3880759
1334.503877,-132.2053672,-131.4379416,-132.347396,-130.9118338,-133.4774771,-132.4016715,-132.1342002,-133.5809928,-132.7247458
1347.848915,-132.2176657,-132.7834159,-129.9137717,-130.7977668,-133.5259391,-130.3531638,-132.2013236,-128.7859793,-133.7281943
1361.327404,-130.8666831,-131.9716483,-131.7008506,-133.1688987,-132.5029288,-132.5203849,-131.7900992,-131.3209372,-133.1080161
1374.940679,-129.9124137,-130.6709891,-131.8210898,-133.0373526,-133.2696524,-132.2579337,-131.7610465,-133.486785,-129.7158881
1388.690085,-133.306182,-132.9053794,-129.8835364,-133.1187278,-133.1130057,-129.2647315,-131.8666831,-130.9175864,-131.3286887
1402.576986,-130.3151694,-131.8563834,-133.199401,-130.1221076,-133.715026,-132.1051474,-133.0890799,-133.4688864,-131.977172
1416.602756,-132.6763297,-131.5938254,-131.2781516,-129.4275656,-129.3133689,-133.7486411,-130.8973227,-133.5176688,-129.4672538
1430.768784,-131.7039328,-133.0165244,-127.3815985,-132.9254142,-132.742446,-133.8943473,-131.6172782,-130.5532828,-130.9661704
1445.076471,-130.1036597,-129.7982169,-132.5624381,-131.3174277,-131.060546,-134.0633689,-132.9781943,-131.7840873,-133.9376517
1459.527236,-131.6495352,-134.0040427,-132.7950736,-131.7809287,-131.4961692,-128.4407874,-129.0004721,-131.7717124,-133.3202964
1474.122509,-130.6852484,-134.0111838,-132.89392,-132.57405,-133.4201956,-133.6388083,-130.9584342,-132.1309043,-132.3801261
1488.863734,-132.5817862,-132.3138266,-133.0603324,-132.2551413,-128.6521903,-134.1923819,-131.4055167,-130.3266974,-132.2837363
1503.752371,-132.4563285,-133.6187888,-128.547576,-130.113555,-133.6102439,-132.5541678,-131.6576377,-132.986724,-131.8359671
1518.789895,-132.6572104,-130.9497977,-131.0344229,-131.4753257,-129.8719931,-130.8481742,-131.9263602,-131.532424,-130.858367
1533.977794,-130.9835959,-129.2164679,-133.0482779,-131.699523,-130.6523429,-131.3805838,-133.2366324,-129.5607444,-132.9481803
1549.317572,-132.1410514,-127.3616095,-130.7051612,-133.1761161,-132.4836112,-132.7379142,-128.2677222,-131.7297202,-133.9133597
1564.810747,-129.0133734,-127.7988196,-128.4911643,-133.1223593,-129.1920539,-133.087844,-129.7485877,-131.0040274,-133.5267935
1580.458855,-131.7210379,-132.0297538,-132.2124015,-129.3377448,-129.0291205,-131.2068473,-131.6661521,-130.835044,-132.2740164
1596.263443,-132.666091,-130.2070914,-132.6755515,-132.6630088,-131.8041983,-130.5964957,-131.3827506,-134.1906272,-128.4494315
1612.226078,-132.9265891,-130.6013633,-133.2624808,-130.0011969,-133.8183127,-131.6813193,-133.150756,-133.5608512,-130.212844
1628.348338,-130.6564475,-131.456481,-131.7654563,-128.658805,-133.5214225,-130.1762915,-131.8680564,-129.8290549,-132.1869498
1644.631822,-129.9634314,-130.3361655,-132.2585746,-134.1482383,-133.5176841,-131.3621512,-132.2856284,-131.1054373,-131.8288108
1661.07814,-130.1877738,-133.9427481,-132.1393882,-130.3236151,-131.4848929,-133.6394644,-128.701438,-132.4590903,-129.5967627
1677.688921,-133.2767783,-129.1460944,-131.5979911,-132.5198203,-132.7902213,-130.8424979,-132.8841544,-134.0543814,-133.5877677
1694.465811,-130.3400489,-133.1072379,-131.5044242,-133.0926047,-132.0540763,-133.0529624,-131.0195151,-131.0021811,-130.5377036
1711.410469,-130.5188895,-131.7827597,-130.1232215,-133.74327,-130.438613,-127.7807151,-131.9988089,-131.2840567,-133.0316001
1728.524573,-131.5641318,-131.1825248,-133.196395,-131.9699698,-130.0410605,-133.5501395,-131.8529196,-131.4635764,-133.4962302
1745.809819,-133.48973,-129.9021292,-133.0506125,-131.390792,-132.9968558,-129.4284583,-129.6155921,-131.8575125,-131.5585166
1763.267917,-132.6024924,-132.7900382,-133.5523215,-130.4380789,-133.2704154,-128.7288657,-130.7191458,-132.1141043,-130.6366034
1780.900597,-129.9738684,-132.773223,-132.5423728,-131.8238822,-128.2954703,-132.0407706,-132.3397818,-132.1596823,-131.8837271
1798.709603,-132.6810294,-133.1272422,-132.7632437,-133.4691916,-132.0857077,-129.8705741,-132.5828849,-132.6097403,-129.8341132
1816.696699,-131.9831839,-132.6400748,-131.9122763,-131.4780265,-133.2491904,-131.4735251,-132.4494467,-133.3119498,-133.3865042
1834.863666,-131.0970755,-132.1632224,-128.4412909,-133.3061515,-133.0342398,-129.7845832,-130.0457831,-131.5967093,-131.3863974
1853.212302,-133.2885123,-132.9624778,-131.0280448,-133.221221,-131.5476218,-131.916854,-129.1257163,-129.8208457,-133.5148001
1871.744425,-132.1150046,-131.737609,-132.3785544,-132.8108206,-133.699935,-131.4129325,-128.750701,-132.7268668,-130.0073386
1890.461869,-131.3425742,-133.1307059,-130.7693625,-129.7097846,-130.7890921,-129.4886084,-131.6874228,-132.1794425,-129.7868033
1909.366488,-132.641799,-133.1755973,-133.4454489,-130.9038077,-132.8138266,-128.8574057,-129.6914817,-128.5139762,-134.4553061
1928.460153,-129.8335334,-131.2422934,-131.9647513,-131.7393332,-129.6684027,-131.1472007,-131.2053977,-129.5666571,-133.3033286
1947.744755,-132.2784415,-132.9952994,-129.6875754,-131.6658316,-131.9237967,-133.1575919,-131.8424216,-130.6052848,-132.2091056
1967.222202,-129.4205771,-131.3129874,-130.6834555,-133.3801566,-130.9890738,-132.7170096,-132.5147544,-130.1722708,-131.6767417
1986.894424,-130.4553977,-133.417266,-132.6619864,-132.6213065,-133.4561454,-132.8812094,-131.8588858,-132.0541678,-132.5927573
2000,-131.023162,-131.7319785,-131.6385794,-132.237197,-132.2160636,-132.9319907,-131.5424643,-133.5815116,-133.5575248
2000,-132.4266501,-132.8008567,-132.7520743,-132.4815665,-130.1377478,-133.4081412,-130.7223273,-131.8067923,-129.955268
2020,-131.3780204,-130.3676291,-131.215026,-130.6385184,-131.9357138,-130.8474036,-133.6177054,-131.2518607,-132.891799
2040.2,-132.9583274,-131.22499,-132.5467978,-132.3610984,-133.5926047,-130.9736777,-133.0354148,-130.6847449,-128.7664099
2060.602,-130.4291983,-131.7582541,-131.5902243,-131.4245902,-129.9814597,-130.7257453,-131.1909323,-133.0322257,-131.2943869
2081.20802,-132.5661765,-132.132598,-131.9358817,-131.2680045,-132.1181021,-130.1471244,-132.0299369,-132.7192527,-133.0719901
2102.0201,-131.5625296,-132.0149985,-132.6901389,-132.3406516,-131.6855002,-129.6611014,-131.0523368,-130.3188315,-130.1801139
2123.040301,-130.0305243,-132.7413321,-129.3885794,-132.863967,-132.7944785,-128.7965537,-132.3299552,-132.6242362,-130.9048148
2144.270704,-130.8192511,-130.3466941,-132.1731864,-131.8252402,-133.0328055,-130.8059684,-133.485961,-130.6837607,-131.604415
2165.713411,-132.6618338,-133.9894706,-132.4667197,-131.0001212,-130.0743476,-130.174285,-130.68711,-132.4543753,-130.1442099
2187.370545,-133.5225974,-128.7405997,-131.3491355,-131.3478385,-130.6631461,-129.9871436,-130.5879355,-129.1071463,-132.4235068
2209.244251,-132.5118094,-132.1561576,-130.2383567,-130.141799,-129.1343375,-132.1051627,-130.8617697,-131.8289481,-132.4360038
2231.336693,-130.7459403,-131.7261039,-131.3566275,-132.5169211,-132.3847342,-129.5736991,-133.7220908,-133.1580191,-131.1720877
2253.65006,-129.5685263,-132.2262564,-130.9818717,-132.0444327,-132.3852072,-128.8460303,-132.6132804,-134.0497885,-130.7027503
2276.186561,-132.175933,-133.9440909,-128.1506339,-131.7692252,-130.8160468,-130.2464591,-131.3252097,-130.048339,-132.9850455
2298.948426,-131.21556,-130.9241782,-131.9613639,-133.8797904,-130.7899924,-132.0007163,-132.7967215,-133.7083426,-128.7565604
2321.937911,-131.511489,-130.2176505,-133.5243369,-131.5220023,-131.337554,-131.6114798,-133.7346488,-132.9641257,-131.6081839
2345.15729,-130.4892493,-128.6649619,-131.9173575,-128.2699881,-130.0496817,-130.9839774,-131.2355033,-130.7629462,-131.2087546
2368.608863,-132.7034903,-131.9076529,-128.6557074,-131.5249778,-129.513938,-133.1974478,-132.1302787,-132.4642325,-132.8106833
2392.294951,-132.9217063,-133.5400992,-133.3817282,-131.6498709,-132.9570609,-131.9564658,-132.8439933,-128.3581839,-131.2313529
2416.217901,-130.823516,-133.0437461,-132.393508,-131.1202384,-129.0327979,-130.5402899,-133.5125113,-132.2351676,-131.3838645
2440.38008,-129.6613303,-131.9833823,-132.2186728,-131.0026084,-130.9879752,-133.1722403,-132.3817282,-132.5656119,-131.235076
2464.783881,-131.4500418,-132.7060233,-133.5114737,-130.8843833,-129.7073661,-132.4100791,-132.089263,-130.9092246,-129.8583289
2489.43172,-132.1557608,-129.1590644,-131.3850699,-133.0497885,-130.7092734,-133.1458731,-128.9773169,-132.411605,-130.3896323
2514.326037,-132.7958518,-134.0981894,-131.8714286,-127.8394309,-129.0237799,-132.3168326,-131.6694022,-132.4585562,-131.9630728
2539.469297,-132.2001639,-132.6780234,-133.2322074,-129.2630606,-132.0255118,-133.2824546,-131.7968894,-131.5272055,-131.5036917
2564.86399,-129.5805884,-131.894271,-131.0812064,-131.3900901,-131.124343,-130.8042746,-130.3023825,-130.4951087,-132.1501914
2590.51263,-129.1278983,-131.9334403,-131.4502707,-132.3449698,-132.3815299,-133.5029898,-133.0678702,-133.3176871,-129.7750235
2616.417756,-132.4095603,-131.3435202,-132.1513205,-132.2004538,-131.8473349,-131.588851,-128.9962302,-131.1439353,-131.8080741
2642.581934,-132.6474143,-130.3668204,-132.3753958,-130.3782798,-131.8704062,-130.8902732,-131.7024832,-129.310279,-128.1979132
2669.007753,-132.3698722,-132.5355979,-131.5375815,-128.830062,-130.4728308,-132.87387,-131.6794272,-128.8702002,-131.4679557
2695.697831,-131.9245749,-133.21939,-132.2146598,-133.6469565,-131.2220298,-132.5660239,-132.0714713,-132.0148612,-130.7548209
2700,-132.9677115,-133.4826499,-132.6155997,-131.5414878,-131.157424,-130.2828513,-131.5462332,-129.0029288,-131.1403342
